{
  "gpt-4": 0.00003,
  "gpt-4-turbo": 0.000015,
  "gpt-3.5-turbo": 0.00002
}