{
  "gpt-4": {
    "input": 0.00003,
    "output": 0.00006
  },
  "gpt-4-turbo": {
    "input": 0.00001,
    "output": 0.00003
  },
  "gpt-3.5-turbo": {
    "input": 0.0000015,
    "output": 0.000002
  }
}